-- phpMyAdmin SQL Dump
-- version 4.5.2
-- http://www.phpmyadmin.net
--
-- Host: localhost:3306
-- Generation Time: Jun 02, 2017 at 08:36 PM
-- Server version: 10.1.9-MariaDB-log
-- PHP Version: 5.6.16

SET SQL_MODE = "NO_AUTO_VALUE_ON_ZERO";
SET time_zone = "+00:00";


/*!40101 SET @OLD_CHARACTER_SET_CLIENT=@@CHARACTER_SET_CLIENT */;
/*!40101 SET @OLD_CHARACTER_SET_RESULTS=@@CHARACTER_SET_RESULTS */;
/*!40101 SET @OLD_COLLATION_CONNECTION=@@COLLATION_CONNECTION */;
/*!40101 SET NAMES utf8mb4 */;

--
-- Database: `jyotipal`
--

-- --------------------------------------------------------

--
-- Table structure for table `admin`
--

CREATE TABLE `admin` (
  `admin_id` int(11) NOT NULL,
  `username` varchar(100) NOT NULL,
  `password` varchar(100) NOT NULL,
  `email` varchar(100) NOT NULL,
  `last_login_ip` varchar(20) NOT NULL,
  `last_login_time` int(11) NOT NULL,
  `current_login_ip` varchar(100) NOT NULL,
  `current_login_time` int(11) NOT NULL,
  `logout_time` int(11) NOT NULL,
  `status` int(11) NOT NULL
) ENGINE=InnoDB DEFAULT CHARSET=latin1;

--
-- Dumping data for table `admin`
--

INSERT INTO `admin` (`admin_id`, `username`, `password`, `email`, `last_login_ip`, `last_login_time`, `current_login_ip`, `current_login_time`, `logout_time`, `status`) VALUES
(1, 'admin', 'admin', 'anand2969@live.com', '::1', 1495641958, '::1', 1496420589, 1495642100, 1);

-- --------------------------------------------------------

--
-- Table structure for table `department`
--

CREATE TABLE `department` (
  `department_id` int(11) NOT NULL,
  `name` varchar(10) NOT NULL,
  `full_name` varchar(100) NOT NULL
) ENGINE=InnoDB DEFAULT CHARSET=latin1;

--
-- Dumping data for table `department`
--

INSERT INTO `department` (`department_id`, `name`, `full_name`) VALUES
(1, 'PE', 'Production engineering'),
(2, 'ME', 'Mechanical engineering'),
(3, 'CSE', 'Computer Science engineering'),
(4, 'ECE', 'Electronic and Communication engineering');

-- --------------------------------------------------------

--
-- Table structure for table `exam`
--

CREATE TABLE `exam` (
  `exam_id` int(11) NOT NULL,
  `exam_date` date NOT NULL,
  `timing` enum('morning','evening') NOT NULL,
  `semester` int(11) NOT NULL,
  `subject_code` enum('1','2','3','4') NOT NULL
) ENGINE=InnoDB DEFAULT CHARSET=latin1;

--
-- Dumping data for table `exam`
--

INSERT INTO `exam` (`exam_id`, `exam_date`, `timing`, `semester`, `subject_code`) VALUES
(1, '2017-05-12', 'morning', 2, '1'),
(2, '2017-05-17', 'morning', 2, '2'),
(3, '2017-06-20', 'morning', 8, '1'),
(4, '2017-05-31', 'morning', 2, '3'),
(5, '2017-05-19', 'morning', 2, '4'),
(6, '2017-06-16', 'morning', 8, '4');

-- --------------------------------------------------------

--
-- Table structure for table `exam_duty`
--

CREATE TABLE `exam_duty` (
  `exam_id` int(11) NOT NULL,
  `room_id` int(11) NOT NULL,
  `faculty_id` int(11) NOT NULL
) ENGINE=InnoDB DEFAULT CHARSET=latin1;

--
-- Dumping data for table `exam_duty`
--

INSERT INTO `exam_duty` (`exam_id`, `room_id`, `faculty_id`) VALUES
(1, 1, 0),
(1, 2, 0),
(1, 3, 0),
(1, 4, 0),
(1, 5, 0),
(1, 6, 0),
(1, 7, 0),
(1, 8, 0),
(1, 9, 0),
(1, 10, 0),
(1, 11, 0),
(1, 12, 0),
(2, 1, 0),
(2, 2, 0),
(2, 3, 0),
(2, 4, 0),
(2, 5, 0),
(2, 6, 0),
(2, 7, 0),
(2, 8, 0),
(2, 9, 0),
(2, 10, 0),
(2, 11, 0),
(2, 12, 0),
(3, 1, 0),
(3, 2, 0),
(3, 3, 4),
(3, 4, 3),
(3, 5, 2),
(3, 6, 0),
(3, 7, 0),
(3, 8, 0),
(3, 9, 0),
(3, 10, 0),
(3, 11, 0),
(3, 12, 0),
(4, 1, 0),
(4, 2, 0),
(4, 3, 0),
(4, 4, 0),
(4, 5, 0),
(4, 6, 0),
(4, 7, 0),
(4, 8, 0),
(4, 9, 0),
(4, 10, 0),
(4, 11, 0),
(4, 12, 0),
(5, 1, 9),
(5, 2, 9),
(5, 3, 0),
(5, 4, 0),
(5, 5, 0),
(5, 6, 0),
(5, 7, 0),
(5, 8, 0),
(5, 9, 0),
(5, 10, 0),
(5, 11, 0),
(5, 12, 0);

-- --------------------------------------------------------

--
-- Table structure for table `exam_seat`
--

CREATE TABLE `exam_seat` (
  `exam_id` int(11) NOT NULL,
  `room_id` int(11) NOT NULL,
  `seat_no` int(11) NOT NULL,
  `student_id` int(11) NOT NULL
) ENGINE=InnoDB DEFAULT CHARSET=latin1;

--
-- Dumping data for table `exam_seat`
--

INSERT INTO `exam_seat` (`exam_id`, `room_id`, `seat_no`, `student_id`) VALUES
(1, 1, 1, 13),
(1, 1, 2, 6),
(1, 1, 3, 11),
(1, 1, 4, 20),
(1, 1, 5, 0),
(1, 1, 6, 0),
(1, 1, 7, 0),
(1, 1, 8, 0),
(1, 1, 9, 0),
(1, 1, 10, 0),
(1, 1, 11, 0),
(1, 1, 12, 0),
(1, 1, 13, 0),
(1, 1, 14, 0),
(1, 1, 15, 0),
(1, 1, 16, 0),
(1, 1, 17, 0),
(1, 1, 18, 0),
(1, 1, 19, 0),
(1, 1, 20, 0),
(1, 2, 1, 0),
(1, 2, 2, 0),
(1, 2, 3, 0),
(1, 2, 4, 0),
(1, 2, 5, 0),
(1, 2, 6, 0),
(1, 2, 7, 0),
(1, 2, 8, 0),
(1, 2, 9, 0),
(1, 2, 10, 0),
(1, 2, 11, 0),
(1, 2, 12, 0),
(1, 2, 13, 0),
(1, 2, 14, 0),
(1, 2, 15, 0),
(1, 2, 16, 0),
(1, 2, 17, 0),
(1, 2, 18, 0),
(1, 2, 19, 0),
(1, 2, 20, 0),
(1, 3, 1, 0),
(1, 3, 2, 0),
(1, 3, 3, 0),
(1, 3, 4, 0),
(1, 3, 5, 0),
(1, 3, 6, 0),
(1, 3, 7, 0),
(1, 3, 8, 0),
(1, 3, 9, 0),
(1, 3, 10, 0),
(1, 3, 11, 0),
(1, 3, 12, 0),
(1, 3, 13, 0),
(1, 3, 14, 0),
(1, 3, 15, 0),
(1, 3, 16, 0),
(1, 3, 17, 0),
(1, 3, 18, 0),
(1, 3, 19, 0),
(1, 3, 20, 0),
(1, 4, 1, 0),
(1, 4, 2, 0),
(1, 4, 3, 0),
(1, 4, 4, 0),
(1, 4, 5, 0),
(1, 4, 6, 0),
(1, 4, 7, 0),
(1, 4, 8, 0),
(1, 4, 9, 0),
(1, 4, 10, 0),
(1, 4, 11, 0),
(1, 4, 12, 0),
(1, 4, 13, 0),
(1, 4, 14, 0),
(1, 4, 15, 0),
(1, 4, 16, 0),
(1, 4, 17, 0),
(1, 4, 18, 0),
(1, 4, 19, 0),
(1, 4, 20, 0),
(1, 5, 1, 0),
(1, 5, 2, 0),
(1, 5, 3, 0),
(1, 5, 4, 0),
(1, 5, 5, 0),
(1, 5, 6, 0),
(1, 5, 7, 0),
(1, 5, 8, 0),
(1, 5, 9, 0),
(1, 5, 10, 0),
(1, 5, 11, 0),
(1, 5, 12, 0),
(1, 5, 13, 0),
(1, 5, 14, 0),
(1, 5, 15, 0),
(1, 5, 16, 0),
(1, 5, 17, 0),
(1, 5, 18, 0),
(1, 5, 19, 0),
(1, 5, 20, 0),
(1, 6, 1, 0),
(1, 6, 2, 0),
(1, 6, 3, 0),
(1, 6, 4, 0),
(1, 6, 5, 0),
(1, 6, 6, 0),
(1, 6, 7, 0),
(1, 6, 8, 0),
(1, 6, 9, 0),
(1, 6, 10, 0),
(1, 6, 11, 0),
(1, 6, 12, 0),
(1, 6, 13, 0),
(1, 6, 14, 0),
(1, 6, 15, 0),
(1, 6, 16, 0),
(1, 6, 17, 0),
(1, 6, 18, 0),
(1, 6, 19, 0),
(1, 6, 20, 0),
(1, 7, 1, 0),
(1, 7, 2, 0),
(1, 7, 3, 0),
(1, 7, 4, 0),
(1, 7, 5, 0),
(1, 7, 6, 0),
(1, 7, 7, 0),
(1, 7, 8, 0),
(1, 7, 9, 0),
(1, 7, 10, 0),
(1, 7, 11, 0),
(1, 7, 12, 0),
(1, 7, 13, 0),
(1, 7, 14, 0),
(1, 7, 15, 0),
(1, 7, 16, 0),
(1, 7, 17, 0),
(1, 7, 18, 0),
(1, 7, 19, 0),
(1, 7, 20, 0),
(1, 8, 1, 0),
(1, 8, 2, 0),
(1, 8, 3, 0),
(1, 8, 4, 0),
(1, 8, 5, 0),
(1, 8, 6, 0),
(1, 8, 7, 0),
(1, 8, 8, 0),
(1, 8, 9, 0),
(1, 8, 10, 0),
(1, 8, 11, 0),
(1, 8, 12, 0),
(1, 8, 13, 0),
(1, 8, 14, 0),
(1, 8, 15, 0),
(1, 8, 16, 0),
(1, 8, 17, 0),
(1, 8, 18, 0),
(1, 8, 19, 0),
(1, 8, 20, 0),
(1, 9, 1, 0),
(1, 9, 2, 0),
(1, 9, 3, 0),
(1, 9, 4, 0),
(1, 9, 5, 0),
(1, 9, 6, 0),
(1, 9, 7, 0),
(1, 9, 8, 0),
(1, 9, 9, 0),
(1, 9, 10, 0),
(1, 9, 11, 0),
(1, 9, 12, 0),
(1, 9, 13, 0),
(1, 9, 14, 0),
(1, 9, 15, 0),
(1, 9, 16, 0),
(1, 9, 17, 0),
(1, 9, 18, 0),
(1, 9, 19, 0),
(1, 9, 20, 0),
(1, 10, 1, 0),
(1, 10, 2, 0),
(1, 10, 3, 0),
(1, 10, 4, 0),
(1, 10, 5, 0),
(1, 10, 6, 0),
(1, 10, 7, 0),
(1, 10, 8, 0),
(1, 10, 9, 0),
(1, 10, 10, 0),
(1, 10, 11, 0),
(1, 10, 12, 0),
(1, 10, 13, 0),
(1, 10, 14, 0),
(1, 10, 15, 0),
(1, 10, 16, 0),
(1, 10, 17, 0),
(1, 10, 18, 0),
(1, 10, 19, 0),
(1, 10, 20, 0),
(1, 11, 1, 0),
(1, 11, 2, 0),
(1, 11, 3, 0),
(1, 11, 4, 0),
(1, 11, 5, 0),
(1, 11, 6, 0),
(1, 11, 7, 0),
(1, 11, 8, 0),
(1, 11, 9, 0),
(1, 11, 10, 0),
(1, 11, 11, 0),
(1, 11, 12, 0),
(1, 11, 13, 0),
(1, 11, 14, 0),
(1, 11, 15, 0),
(1, 11, 16, 0),
(1, 11, 17, 0),
(1, 11, 18, 0),
(1, 11, 19, 0),
(1, 11, 20, 0),
(1, 12, 1, 0),
(1, 12, 2, 0),
(1, 12, 3, 0),
(1, 12, 4, 0),
(1, 12, 5, 0),
(1, 12, 6, 0),
(1, 12, 7, 0),
(1, 12, 8, 0),
(1, 12, 9, 0),
(1, 12, 10, 0),
(1, 12, 11, 0),
(1, 12, 12, 0),
(1, 12, 13, 0),
(1, 12, 14, 0),
(1, 12, 15, 0),
(1, 12, 16, 0),
(1, 12, 17, 0),
(1, 12, 18, 0),
(1, 12, 19, 0),
(1, 12, 20, 0),
(2, 1, 1, 13),
(2, 1, 2, 6),
(2, 1, 3, 11),
(2, 1, 4, 20),
(2, 1, 5, 0),
(2, 1, 6, 0),
(2, 1, 7, 0),
(2, 1, 8, 0),
(2, 1, 9, 0),
(2, 1, 10, 0),
(2, 1, 11, 0),
(2, 1, 12, 0),
(2, 1, 13, 0),
(2, 1, 14, 0),
(2, 1, 15, 0),
(2, 1, 16, 0),
(2, 1, 17, 0),
(2, 1, 18, 0),
(2, 1, 19, 0),
(2, 1, 20, 0),
(2, 2, 1, 0),
(2, 2, 2, 0),
(2, 2, 3, 0),
(2, 2, 4, 0),
(2, 2, 5, 0),
(2, 2, 6, 0),
(2, 2, 7, 0),
(2, 2, 8, 0),
(2, 2, 9, 0),
(2, 2, 10, 0),
(2, 2, 11, 0),
(2, 2, 12, 0),
(2, 2, 13, 0),
(2, 2, 14, 0),
(2, 2, 15, 0),
(2, 2, 16, 0),
(2, 2, 17, 0),
(2, 2, 18, 0),
(2, 2, 19, 0),
(2, 2, 20, 0),
(2, 3, 1, 0),
(2, 3, 2, 0),
(2, 3, 3, 0),
(2, 3, 4, 0),
(2, 3, 5, 0),
(2, 3, 6, 0),
(2, 3, 7, 0),
(2, 3, 8, 0),
(2, 3, 9, 0),
(2, 3, 10, 0),
(2, 3, 11, 0),
(2, 3, 12, 0),
(2, 3, 13, 0),
(2, 3, 14, 0),
(2, 3, 15, 0),
(2, 3, 16, 0),
(2, 3, 17, 0),
(2, 3, 18, 0),
(2, 3, 19, 0),
(2, 3, 20, 0),
(2, 4, 1, 0),
(2, 4, 2, 0),
(2, 4, 3, 0),
(2, 4, 4, 0),
(2, 4, 5, 0),
(2, 4, 6, 0),
(2, 4, 7, 0),
(2, 4, 8, 0),
(2, 4, 9, 0),
(2, 4, 10, 0),
(2, 4, 11, 0),
(2, 4, 12, 0),
(2, 4, 13, 0),
(2, 4, 14, 0),
(2, 4, 15, 0),
(2, 4, 16, 0),
(2, 4, 17, 0),
(2, 4, 18, 0),
(2, 4, 19, 0),
(2, 4, 20, 0),
(2, 5, 1, 0),
(2, 5, 2, 0),
(2, 5, 3, 0),
(2, 5, 4, 0),
(2, 5, 5, 0),
(2, 5, 6, 0),
(2, 5, 7, 0),
(2, 5, 8, 0),
(2, 5, 9, 0),
(2, 5, 10, 0),
(2, 5, 11, 0),
(2, 5, 12, 0),
(2, 5, 13, 0),
(2, 5, 14, 0),
(2, 5, 15, 0),
(2, 5, 16, 0),
(2, 5, 17, 0),
(2, 5, 18, 0),
(2, 5, 19, 0),
(2, 5, 20, 0),
(2, 6, 1, 0),
(2, 6, 2, 0),
(2, 6, 3, 0),
(2, 6, 4, 0),
(2, 6, 5, 0),
(2, 6, 6, 0),
(2, 6, 7, 0),
(2, 6, 8, 0),
(2, 6, 9, 0),
(2, 6, 10, 0),
(2, 6, 11, 0),
(2, 6, 12, 0),
(2, 6, 13, 0),
(2, 6, 14, 0),
(2, 6, 15, 0),
(2, 6, 16, 0),
(2, 6, 17, 0),
(2, 6, 18, 0),
(2, 6, 19, 0),
(2, 6, 20, 0),
(2, 7, 1, 0),
(2, 7, 2, 0),
(2, 7, 3, 0),
(2, 7, 4, 0),
(2, 7, 5, 0),
(2, 7, 6, 0),
(2, 7, 7, 0),
(2, 7, 8, 0),
(2, 7, 9, 0),
(2, 7, 10, 0),
(2, 7, 11, 0),
(2, 7, 12, 0),
(2, 7, 13, 0),
(2, 7, 14, 0),
(2, 7, 15, 0),
(2, 7, 16, 0),
(2, 7, 17, 0),
(2, 7, 18, 0),
(2, 7, 19, 0),
(2, 7, 20, 0),
(2, 8, 1, 0),
(2, 8, 2, 0),
(2, 8, 3, 0),
(2, 8, 4, 0),
(2, 8, 5, 0),
(2, 8, 6, 0),
(2, 8, 7, 0),
(2, 8, 8, 0),
(2, 8, 9, 0),
(2, 8, 10, 0),
(2, 8, 11, 0),
(2, 8, 12, 0),
(2, 8, 13, 0),
(2, 8, 14, 0),
(2, 8, 15, 0),
(2, 8, 16, 0),
(2, 8, 17, 0),
(2, 8, 18, 0),
(2, 8, 19, 0),
(2, 8, 20, 0),
(2, 9, 1, 0),
(2, 9, 2, 0),
(2, 9, 3, 0),
(2, 9, 4, 0),
(2, 9, 5, 0),
(2, 9, 6, 0),
(2, 9, 7, 0),
(2, 9, 8, 0),
(2, 9, 9, 0),
(2, 9, 10, 0),
(2, 9, 11, 0),
(2, 9, 12, 0),
(2, 9, 13, 0),
(2, 9, 14, 0),
(2, 9, 15, 0),
(2, 9, 16, 0),
(2, 9, 17, 0),
(2, 9, 18, 0),
(2, 9, 19, 0),
(2, 9, 20, 0),
(2, 10, 1, 0),
(2, 10, 2, 0),
(2, 10, 3, 0),
(2, 10, 4, 0),
(2, 10, 5, 0),
(2, 10, 6, 0),
(2, 10, 7, 0),
(2, 10, 8, 0),
(2, 10, 9, 0),
(2, 10, 10, 0),
(2, 10, 11, 0),
(2, 10, 12, 0),
(2, 10, 13, 0),
(2, 10, 14, 0),
(2, 10, 15, 0),
(2, 10, 16, 0),
(2, 10, 17, 0),
(2, 10, 18, 0),
(2, 10, 19, 0),
(2, 10, 20, 0),
(2, 11, 1, 0),
(2, 11, 2, 0),
(2, 11, 3, 0),
(2, 11, 4, 0),
(2, 11, 5, 0),
(2, 11, 6, 0),
(2, 11, 7, 0),
(2, 11, 8, 0),
(2, 11, 9, 0),
(2, 11, 10, 0),
(2, 11, 11, 0),
(2, 11, 12, 0),
(2, 11, 13, 0),
(2, 11, 14, 0),
(2, 11, 15, 0),
(2, 11, 16, 0),
(2, 11, 17, 0),
(2, 11, 18, 0),
(2, 11, 19, 0),
(2, 11, 20, 0),
(2, 12, 1, 0),
(2, 12, 2, 0),
(2, 12, 3, 0),
(2, 12, 4, 0),
(2, 12, 5, 0),
(2, 12, 6, 0),
(2, 12, 7, 0),
(2, 12, 8, 0),
(2, 12, 9, 0),
(2, 12, 10, 0),
(2, 12, 11, 0),
(2, 12, 12, 0),
(2, 12, 13, 0),
(2, 12, 14, 0),
(2, 12, 15, 0),
(2, 12, 16, 0),
(2, 12, 17, 0),
(2, 12, 18, 0),
(2, 12, 19, 0),
(2, 12, 20, 0),
(3, 1, 1, 0),
(3, 1, 2, 0),
(3, 1, 3, 0),
(3, 1, 4, 0),
(3, 1, 5, 0),
(3, 1, 6, 0),
(3, 1, 7, 0),
(3, 1, 8, 0),
(3, 1, 9, 0),
(3, 1, 10, 0),
(3, 1, 11, 0),
(3, 1, 12, 0),
(3, 1, 13, 0),
(3, 1, 14, 0),
(3, 1, 15, 0),
(3, 1, 16, 0),
(3, 1, 17, 0),
(3, 1, 18, 0),
(3, 1, 19, 0),
(3, 1, 20, 0),
(3, 2, 1, 0),
(3, 2, 2, 0),
(3, 2, 3, 0),
(3, 2, 4, 0),
(3, 2, 5, 0),
(3, 2, 6, 0),
(3, 2, 7, 0),
(3, 2, 8, 0),
(3, 2, 9, 0),
(3, 2, 10, 0),
(3, 2, 11, 0),
(3, 2, 12, 0),
(3, 2, 13, 0),
(3, 2, 14, 0),
(3, 2, 15, 0),
(3, 2, 16, 0),
(3, 2, 17, 0),
(3, 2, 18, 0),
(3, 2, 19, 0),
(3, 2, 20, 0),
(3, 3, 1, 98),
(3, 3, 2, 0),
(3, 3, 3, 0),
(3, 3, 4, 0),
(3, 3, 5, 0),
(3, 3, 6, 0),
(3, 3, 7, 0),
(3, 3, 8, 0),
(3, 3, 9, 0),
(3, 3, 10, 0),
(3, 3, 11, 0),
(3, 3, 12, 0),
(3, 3, 13, 0),
(3, 3, 14, 0),
(3, 3, 15, 0),
(3, 3, 16, 0),
(3, 3, 17, 0),
(3, 3, 18, 0),
(3, 3, 19, 0),
(3, 3, 20, 0),
(3, 4, 1, 206),
(3, 4, 2, 7),
(3, 4, 3, 0),
(3, 4, 4, 0),
(3, 4, 5, 0),
(3, 4, 6, 0),
(3, 4, 7, 0),
(3, 4, 8, 0),
(3, 4, 9, 0),
(3, 4, 10, 0),
(3, 4, 11, 0),
(3, 4, 12, 0),
(3, 4, 13, 0),
(3, 4, 14, 0),
(3, 4, 15, 0),
(3, 4, 16, 0),
(3, 4, 17, 0),
(3, 4, 18, 0),
(3, 4, 19, 0),
(3, 4, 20, 0),
(3, 5, 1, 9),
(3, 5, 2, 0),
(3, 5, 3, 0),
(3, 5, 4, 0),
(3, 5, 5, 0),
(3, 5, 6, 0),
(3, 5, 7, 0),
(3, 5, 8, 0),
(3, 5, 9, 0),
(3, 5, 10, 0),
(3, 5, 11, 0),
(3, 5, 12, 0),
(3, 5, 13, 0),
(3, 5, 14, 0),
(3, 5, 15, 0),
(3, 5, 16, 0),
(3, 5, 17, 0),
(3, 5, 18, 0),
(3, 5, 19, 0),
(3, 5, 20, 0),
(3, 6, 1, 0),
(3, 6, 2, 0),
(3, 6, 3, 0),
(3, 6, 4, 0),
(3, 6, 5, 0),
(3, 6, 6, 0),
(3, 6, 7, 0),
(3, 6, 8, 0),
(3, 6, 9, 0),
(3, 6, 10, 0),
(3, 6, 11, 0),
(3, 6, 12, 0),
(3, 6, 13, 0),
(3, 6, 14, 0),
(3, 6, 15, 0),
(3, 6, 16, 0),
(3, 6, 17, 0),
(3, 6, 18, 0),
(3, 6, 19, 0),
(3, 6, 20, 0),
(3, 7, 1, 0),
(3, 7, 2, 0),
(3, 7, 3, 0),
(3, 7, 4, 0),
(3, 7, 5, 0),
(3, 7, 6, 0),
(3, 7, 7, 0),
(3, 7, 8, 0),
(3, 7, 9, 0),
(3, 7, 10, 0),
(3, 7, 11, 0),
(3, 7, 12, 0),
(3, 7, 13, 0),
(3, 7, 14, 0),
(3, 7, 15, 0),
(3, 7, 16, 0),
(3, 7, 17, 0),
(3, 7, 18, 0),
(3, 7, 19, 0),
(3, 7, 20, 0),
(3, 8, 1, 0),
(3, 8, 2, 0),
(3, 8, 3, 0),
(3, 8, 4, 0),
(3, 8, 5, 0),
(3, 8, 6, 0),
(3, 8, 7, 0),
(3, 8, 8, 0),
(3, 8, 9, 0),
(3, 8, 10, 0),
(3, 8, 11, 0),
(3, 8, 12, 0),
(3, 8, 13, 0),
(3, 8, 14, 0),
(3, 8, 15, 0),
(3, 8, 16, 0),
(3, 8, 17, 0),
(3, 8, 18, 0),
(3, 8, 19, 0),
(3, 8, 20, 0),
(3, 9, 1, 0),
(3, 9, 2, 0),
(3, 9, 3, 0),
(3, 9, 4, 0),
(3, 9, 5, 0),
(3, 9, 6, 0),
(3, 9, 7, 0),
(3, 9, 8, 0),
(3, 9, 9, 0),
(3, 9, 10, 0),
(3, 9, 11, 0),
(3, 9, 12, 0),
(3, 9, 13, 0),
(3, 9, 14, 0),
(3, 9, 15, 0),
(3, 9, 16, 0),
(3, 9, 17, 0),
(3, 9, 18, 0),
(3, 9, 19, 0),
(3, 9, 20, 0),
(3, 10, 1, 0),
(3, 10, 2, 0),
(3, 10, 3, 0),
(3, 10, 4, 0),
(3, 10, 5, 0),
(3, 10, 6, 0),
(3, 10, 7, 0),
(3, 10, 8, 0),
(3, 10, 9, 0),
(3, 10, 10, 0),
(3, 10, 11, 0),
(3, 10, 12, 0),
(3, 10, 13, 0),
(3, 10, 14, 0),
(3, 10, 15, 0),
(3, 10, 16, 0),
(3, 10, 17, 0),
(3, 10, 18, 0),
(3, 10, 19, 0),
(3, 10, 20, 0),
(3, 11, 1, 0),
(3, 11, 2, 0),
(3, 11, 3, 0),
(3, 11, 4, 0),
(3, 11, 5, 0),
(3, 11, 6, 0),
(3, 11, 7, 0),
(3, 11, 8, 0),
(3, 11, 9, 0),
(3, 11, 10, 0),
(3, 11, 11, 0),
(3, 11, 12, 0),
(3, 11, 13, 0),
(3, 11, 14, 0),
(3, 11, 15, 0),
(3, 11, 16, 0),
(3, 11, 17, 0),
(3, 11, 18, 0),
(3, 11, 19, 0),
(3, 11, 20, 0),
(3, 12, 1, 0),
(3, 12, 2, 0),
(3, 12, 3, 0),
(3, 12, 4, 0),
(3, 12, 5, 0),
(3, 12, 6, 0),
(3, 12, 7, 0),
(3, 12, 8, 0),
(3, 12, 9, 0),
(3, 12, 10, 0),
(3, 12, 11, 0),
(3, 12, 12, 0),
(3, 12, 13, 0),
(3, 12, 14, 0),
(3, 12, 15, 0),
(3, 12, 16, 0),
(3, 12, 17, 0),
(3, 12, 18, 0),
(3, 12, 19, 0),
(3, 12, 20, 0),
(4, 1, 1, 0),
(4, 1, 2, 0),
(4, 1, 3, 0),
(4, 1, 4, 0),
(4, 1, 5, 0),
(4, 1, 6, 0),
(4, 1, 7, 0),
(4, 1, 8, 0),
(4, 1, 9, 0),
(4, 1, 10, 0),
(4, 1, 11, 0),
(4, 1, 12, 0),
(4, 1, 13, 0),
(4, 1, 14, 0),
(4, 1, 15, 0),
(4, 1, 16, 0),
(4, 1, 17, 0),
(4, 1, 18, 0),
(4, 1, 19, 0),
(4, 1, 20, 0),
(4, 2, 1, 0),
(4, 2, 2, 0),
(4, 2, 3, 0),
(4, 2, 4, 0),
(4, 2, 5, 0),
(4, 2, 6, 0),
(4, 2, 7, 0),
(4, 2, 8, 0),
(4, 2, 9, 0),
(4, 2, 10, 0),
(4, 2, 11, 0),
(4, 2, 12, 0),
(4, 2, 13, 0),
(4, 2, 14, 0),
(4, 2, 15, 0),
(4, 2, 16, 0),
(4, 2, 17, 0),
(4, 2, 18, 0),
(4, 2, 19, 0),
(4, 2, 20, 0),
(4, 3, 1, 0),
(4, 3, 2, 0),
(4, 3, 3, 0),
(4, 3, 4, 0),
(4, 3, 5, 0),
(4, 3, 6, 0),
(4, 3, 7, 0),
(4, 3, 8, 0),
(4, 3, 9, 0),
(4, 3, 10, 0),
(4, 3, 11, 0),
(4, 3, 12, 0),
(4, 3, 13, 0),
(4, 3, 14, 0),
(4, 3, 15, 0),
(4, 3, 16, 0),
(4, 3, 17, 0),
(4, 3, 18, 0),
(4, 3, 19, 0),
(4, 3, 20, 0),
(4, 4, 1, 0),
(4, 4, 2, 0),
(4, 4, 3, 0),
(4, 4, 4, 0),
(4, 4, 5, 0),
(4, 4, 6, 0),
(4, 4, 7, 0),
(4, 4, 8, 0),
(4, 4, 9, 0),
(4, 4, 10, 0),
(4, 4, 11, 0),
(4, 4, 12, 0),
(4, 4, 13, 0),
(4, 4, 14, 0),
(4, 4, 15, 0),
(4, 4, 16, 0),
(4, 4, 17, 0),
(4, 4, 18, 0),
(4, 4, 19, 0),
(4, 4, 20, 0),
(4, 5, 1, 0),
(4, 5, 2, 0),
(4, 5, 3, 0),
(4, 5, 4, 0),
(4, 5, 5, 0),
(4, 5, 6, 0),
(4, 5, 7, 0),
(4, 5, 8, 0),
(4, 5, 9, 0),
(4, 5, 10, 0),
(4, 5, 11, 0),
(4, 5, 12, 0),
(4, 5, 13, 0),
(4, 5, 14, 0),
(4, 5, 15, 0),
(4, 5, 16, 0),
(4, 5, 17, 0),
(4, 5, 18, 0),
(4, 5, 19, 0),
(4, 5, 20, 0),
(4, 6, 1, 0),
(4, 6, 2, 0),
(4, 6, 3, 0),
(4, 6, 4, 0),
(4, 6, 5, 0),
(4, 6, 6, 0),
(4, 6, 7, 0),
(4, 6, 8, 0),
(4, 6, 9, 0),
(4, 6, 10, 0),
(4, 6, 11, 0),
(4, 6, 12, 0),
(4, 6, 13, 0),
(4, 6, 14, 0),
(4, 6, 15, 0),
(4, 6, 16, 0),
(4, 6, 17, 0),
(4, 6, 18, 0),
(4, 6, 19, 0),
(4, 6, 20, 0),
(4, 7, 1, 0),
(4, 7, 2, 0),
(4, 7, 3, 0),
(4, 7, 4, 0),
(4, 7, 5, 0),
(4, 7, 6, 0),
(4, 7, 7, 0),
(4, 7, 8, 0),
(4, 7, 9, 0),
(4, 7, 10, 0),
(4, 7, 11, 0),
(4, 7, 12, 0),
(4, 7, 13, 0),
(4, 7, 14, 0),
(4, 7, 15, 0),
(4, 7, 16, 0),
(4, 7, 17, 0),
(4, 7, 18, 0),
(4, 7, 19, 0),
(4, 7, 20, 0),
(4, 8, 1, 0),
(4, 8, 2, 0),
(4, 8, 3, 0),
(4, 8, 4, 0),
(4, 8, 5, 0),
(4, 8, 6, 0),
(4, 8, 7, 0),
(4, 8, 8, 0),
(4, 8, 9, 0),
(4, 8, 10, 0),
(4, 8, 11, 0),
(4, 8, 12, 0),
(4, 8, 13, 0),
(4, 8, 14, 0),
(4, 8, 15, 0),
(4, 8, 16, 0),
(4, 8, 17, 0),
(4, 8, 18, 0),
(4, 8, 19, 0),
(4, 8, 20, 0),
(4, 9, 1, 0),
(4, 9, 2, 0),
(4, 9, 3, 0),
(4, 9, 4, 0),
(4, 9, 5, 0),
(4, 9, 6, 0),
(4, 9, 7, 0),
(4, 9, 8, 0),
(4, 9, 9, 0),
(4, 9, 10, 0),
(4, 9, 11, 0),
(4, 9, 12, 0),
(4, 9, 13, 0),
(4, 9, 14, 0),
(4, 9, 15, 0),
(4, 9, 16, 0),
(4, 9, 17, 0),
(4, 9, 18, 0),
(4, 9, 19, 0),
(4, 9, 20, 0),
(4, 10, 1, 0),
(4, 10, 2, 0),
(4, 10, 3, 0),
(4, 10, 4, 0),
(4, 10, 5, 0),
(4, 10, 6, 0),
(4, 10, 7, 0),
(4, 10, 8, 0),
(4, 10, 9, 0),
(4, 10, 10, 0),
(4, 10, 11, 0),
(4, 10, 12, 0),
(4, 10, 13, 0),
(4, 10, 14, 0),
(4, 10, 15, 0),
(4, 10, 16, 0),
(4, 10, 17, 0),
(4, 10, 18, 0),
(4, 10, 19, 0),
(4, 10, 20, 0),
(4, 11, 1, 0),
(4, 11, 2, 0),
(4, 11, 3, 0),
(4, 11, 4, 0),
(4, 11, 5, 0),
(4, 11, 6, 0),
(4, 11, 7, 0),
(4, 11, 8, 0),
(4, 11, 9, 0),
(4, 11, 10, 0),
(4, 11, 11, 0),
(4, 11, 12, 0),
(4, 11, 13, 0),
(4, 11, 14, 0),
(4, 11, 15, 0),
(4, 11, 16, 0),
(4, 11, 17, 0),
(4, 11, 18, 0),
(4, 11, 19, 0),
(4, 11, 20, 0),
(4, 12, 1, 0),
(4, 12, 2, 0),
(4, 12, 3, 0),
(4, 12, 4, 0),
(4, 12, 5, 0),
(4, 12, 6, 0),
(4, 12, 7, 0),
(4, 12, 8, 0),
(4, 12, 9, 0),
(4, 12, 10, 0),
(4, 12, 11, 0),
(4, 12, 12, 0),
(4, 12, 13, 0),
(4, 12, 14, 0),
(4, 12, 15, 0),
(4, 12, 16, 0),
(4, 12, 17, 0),
(4, 12, 18, 0),
(4, 12, 19, 0),
(4, 12, 20, 0),
(5, 1, 1, 0),
(5, 1, 2, 0),
(5, 1, 3, 0),
(5, 1, 4, 0),
(5, 1, 5, 0),
(5, 1, 6, 0),
(5, 1, 7, 0),
(5, 1, 8, 0),
(5, 1, 9, 0),
(5, 1, 10, 0),
(5, 1, 11, 0),
(5, 1, 12, 0),
(5, 1, 13, 0),
(5, 1, 14, 0),
(5, 1, 15, 0),
(5, 1, 16, 0),
(5, 1, 17, 0),
(5, 1, 18, 0),
(5, 1, 19, 0),
(5, 1, 20, 0),
(5, 2, 1, 55),
(5, 2, 2, 6),
(5, 2, 3, 92),
(5, 2, 4, 155),
(5, 2, 5, 0),
(5, 2, 6, 0),
(5, 2, 7, 0),
(5, 2, 8, 0),
(5, 2, 9, 0),
(5, 2, 10, 0),
(5, 2, 11, 0),
(5, 2, 12, 0),
(5, 2, 13, 0),
(5, 2, 14, 0),
(5, 2, 15, 0),
(5, 2, 16, 0),
(5, 2, 17, 0),
(5, 2, 18, 0),
(5, 2, 19, 0),
(5, 2, 20, 0),
(5, 3, 1, 0),
(5, 3, 2, 0),
(5, 3, 3, 0),
(5, 3, 4, 0),
(5, 3, 5, 0),
(5, 3, 6, 0),
(5, 3, 7, 0),
(5, 3, 8, 0),
(5, 3, 9, 0),
(5, 3, 10, 0),
(5, 3, 11, 0),
(5, 3, 12, 0),
(5, 3, 13, 0),
(5, 3, 14, 0),
(5, 3, 15, 0),
(5, 3, 16, 0),
(5, 3, 17, 0),
(5, 3, 18, 0),
(5, 3, 19, 0),
(5, 3, 20, 0),
(5, 4, 1, 0),
(5, 4, 2, 0),
(5, 4, 3, 0),
(5, 4, 4, 0),
(5, 4, 5, 0),
(5, 4, 6, 0),
(5, 4, 7, 0),
(5, 4, 8, 0),
(5, 4, 9, 0),
(5, 4, 10, 0),
(5, 4, 11, 0),
(5, 4, 12, 0),
(5, 4, 13, 0),
(5, 4, 14, 0),
(5, 4, 15, 0),
(5, 4, 16, 0),
(5, 4, 17, 0),
(5, 4, 18, 0),
(5, 4, 19, 0),
(5, 4, 20, 0),
(5, 5, 1, 0),
(5, 5, 2, 0),
(5, 5, 3, 0),
(5, 5, 4, 0),
(5, 5, 5, 0),
(5, 5, 6, 0),
(5, 5, 7, 0),
(5, 5, 8, 0),
(5, 5, 9, 0),
(5, 5, 10, 0),
(5, 5, 11, 0),
(5, 5, 12, 0),
(5, 5, 13, 0),
(5, 5, 14, 0),
(5, 5, 15, 0),
(5, 5, 16, 0),
(5, 5, 17, 0),
(5, 5, 18, 0),
(5, 5, 19, 0),
(5, 5, 20, 0),
(5, 6, 1, 0),
(5, 6, 2, 0),
(5, 6, 3, 0),
(5, 6, 4, 0),
(5, 6, 5, 0),
(5, 6, 6, 0),
(5, 6, 7, 0),
(5, 6, 8, 0),
(5, 6, 9, 0),
(5, 6, 10, 0),
(5, 6, 11, 0),
(5, 6, 12, 0),
(5, 6, 13, 0),
(5, 6, 14, 0),
(5, 6, 15, 0),
(5, 6, 16, 0),
(5, 6, 17, 0),
(5, 6, 18, 0),
(5, 6, 19, 0),
(5, 6, 20, 0),
(5, 7, 1, 0),
(5, 7, 2, 0),
(5, 7, 3, 0),
(5, 7, 4, 0),
(5, 7, 5, 0),
(5, 7, 6, 0),
(5, 7, 7, 0),
(5, 7, 8, 0),
(5, 7, 9, 0),
(5, 7, 10, 0),
(5, 7, 11, 0),
(5, 7, 12, 0),
(5, 7, 13, 0),
(5, 7, 14, 0),
(5, 7, 15, 0),
(5, 7, 16, 0),
(5, 7, 17, 0),
(5, 7, 18, 0),
(5, 7, 19, 0),
(5, 7, 20, 0),
(5, 8, 1, 0),
(5, 8, 2, 0),
(5, 8, 3, 0),
(5, 8, 4, 0),
(5, 8, 5, 0),
(5, 8, 6, 0),
(5, 8, 7, 0),
(5, 8, 8, 0),
(5, 8, 9, 0),
(5, 8, 10, 0),
(5, 8, 11, 0),
(5, 8, 12, 0),
(5, 8, 13, 0),
(5, 8, 14, 0),
(5, 8, 15, 0),
(5, 8, 16, 0),
(5, 8, 17, 0),
(5, 8, 18, 0),
(5, 8, 19, 0),
(5, 8, 20, 0),
(5, 9, 1, 0),
(5, 9, 2, 0),
(5, 9, 3, 0),
(5, 9, 4, 0),
(5, 9, 5, 0),
(5, 9, 6, 0),
(5, 9, 7, 0),
(5, 9, 8, 0),
(5, 9, 9, 0),
(5, 9, 10, 0),
(5, 9, 11, 0),
(5, 9, 12, 0),
(5, 9, 13, 0),
(5, 9, 14, 0),
(5, 9, 15, 0),
(5, 9, 16, 0),
(5, 9, 17, 0),
(5, 9, 18, 0),
(5, 9, 19, 0),
(5, 9, 20, 0),
(5, 10, 1, 0),
(5, 10, 2, 0),
(5, 10, 3, 0),
(5, 10, 4, 0),
(5, 10, 5, 0),
(5, 10, 6, 0),
(5, 10, 7, 0),
(5, 10, 8, 0),
(5, 10, 9, 0),
(5, 10, 10, 0),
(5, 10, 11, 0),
(5, 10, 12, 0),
(5, 10, 13, 0),
(5, 10, 14, 0),
(5, 10, 15, 0),
(5, 10, 16, 0),
(5, 10, 17, 0),
(5, 10, 18, 0),
(5, 10, 19, 0),
(5, 10, 20, 0),
(5, 11, 1, 0),
(5, 11, 2, 0),
(5, 11, 3, 0),
(5, 11, 4, 0),
(5, 11, 5, 0),
(5, 11, 6, 0),
(5, 11, 7, 0),
(5, 11, 8, 0),
(5, 11, 9, 0),
(5, 11, 10, 0),
(5, 11, 11, 0),
(5, 11, 12, 0),
(5, 11, 13, 0),
(5, 11, 14, 0),
(5, 11, 15, 0),
(5, 11, 16, 0),
(5, 11, 17, 0),
(5, 11, 18, 0),
(5, 11, 19, 0),
(5, 11, 20, 0),
(5, 12, 1, 0),
(5, 12, 2, 0),
(5, 12, 3, 0),
(5, 12, 4, 0),
(5, 12, 5, 0),
(5, 12, 6, 0),
(5, 12, 7, 0),
(5, 12, 8, 0),
(5, 12, 9, 0),
(5, 12, 10, 0),
(5, 12, 11, 0),
(5, 12, 12, 0),
(5, 12, 13, 0),
(5, 12, 14, 0),
(5, 12, 15, 0),
(5, 12, 16, 0),
(5, 12, 17, 0),
(5, 12, 18, 0),
(5, 12, 19, 0),
(5, 12, 20, 0);

-- --------------------------------------------------------

--
-- Table structure for table `faculty`
--

CREATE TABLE `faculty` (
  `faculty_id` int(11) NOT NULL,
  `name` varchar(100) NOT NULL,
  `user_name` varchar(20) NOT NULL,
  `password` varchar(20) NOT NULL
) ENGINE=InnoDB DEFAULT CHARSET=latin1;

--
-- Dumping data for table `faculty`
--

INSERT INTO `faculty` (`faculty_id`, `name`, `user_name`, `password`) VALUES
(1, 'Ramesh Kumar1', 'ramesh', 'ramesh'),
(2, 'Sanjeev Seth', 'sanjeev', 'sanjeev'),
(3, 'Ankit Prajapati', 'ankit', 'ankit'),
(4, 'Meraj Ahmad', 'meraj', 'meaj'),
(5, 'Saurabh Srivastva', 'saurabh', 'saurabh'),
(6, 'Rajeev Singh', 'rajeev', 'rajeev'),
(7, 'Shivam Thakur', 'shivam', 'shivam'),
(8, 'Andita das', 'das', 'das'),
(9, 'RKP', 'CSEf1', 'asdfgh');

-- --------------------------------------------------------

--
-- Table structure for table `faculty_subject`
--

CREATE TABLE `faculty_subject` (
  `faculty_id` int(11) NOT NULL,
  `subject_id` int(11) NOT NULL
) ENGINE=InnoDB DEFAULT CHARSET=latin1;

--
-- Dumping data for table `faculty_subject`
--

INSERT INTO `faculty_subject` (`faculty_id`, `subject_id`) VALUES
(0, 0),
(6, 2),
(1, 4),
(8, 5),
(5, 10),
(3, 12),
(2, 13),
(2, 18),
(4, 19),
(3, 33),
(2, 45),
(2, 48),
(5, 49);

-- --------------------------------------------------------

--
-- Table structure for table `room`
--

CREATE TABLE `room` (
  `room_id` int(11) NOT NULL,
  `name` varchar(10) NOT NULL,
  `department_id` int(11) NOT NULL,
  `rows` int(11) NOT NULL,
  `columns` int(11) NOT NULL,
  `seat` int(11) NOT NULL DEFAULT '20'
) ENGINE=InnoDB DEFAULT CHARSET=latin1;

--
-- Dumping data for table `room`
--

INSERT INTO `room` (`room_id`, `name`, `department_id`, `rows`, `columns`, `seat`) VALUES
(1, 'PE001', 1, 15, 13, 195),
(2, 'PE002', 1, 0, 0, 20),
(3, 'PE003', 1, 16, 18, 288),
(4, 'ME001', 2, 0, 0, 20),
(5, 'ME002', 2, 0, 0, 20),
(6, 'ME003', 2, 0, 0, 20),
(7, 'CS001', 3, 5, 4, 20),
(8, 'CS002', 3, 0, 0, 20),
(9, 'CS003', 3, 0, 0, 12),
(10, 'EC001', 4, 4, 5, 20),
(11, 'EC002', 4, 0, 0, 20),
(12, 'EC003', 4, 0, 0, 20);

-- --------------------------------------------------------

--
-- Table structure for table `student`
--

CREATE TABLE `student` (
  `student_id` int(11) NOT NULL,
  `name` varchar(100) NOT NULL,
  `user_name` varchar(20) NOT NULL,
  `password` varchar(20) NOT NULL,
  `department_id` int(11) NOT NULL,
  `semester` int(11) NOT NULL
) ENGINE=InnoDB DEFAULT CHARSET=latin1;

--
-- Dumping data for table `student`
--

INSERT INTO `student` (`student_id`, `name`, `user_name`, `password`, `department_id`, `semester`) VALUES
(1, 'Ram Shankar', 'ram', 'ram', 1, 4),
(2, 'Ajit Singh', 'ajit', 'ajit', 2, 4),
(3, 'Suresh Kumar', 'suresh', 'suresh', 3, 6),
(4, 'Sachin Tiwari', 'sachin', 'sachin', 4, 8),
(5, 'Rahul Yadav', 'rahul', 'rahul', 1, 6),
(6, 'Piyush', 'piyush', 'piyush', 2, 2),
(7, 'Abhi Agrwal', 'abhi', 'abhi', 3, 8),
(8, 'Anup Rwat', 'anup', 'anup', 4, 8),
(9, 'Sandeep Kumar', 'sandeep', 'sandeep', 1, 8),
(10, 'Kareena Kapoor', 'kareena', 'kareena', 2, 4),
(11, 'Akshay Kumar', 'akshay', 'akshay', 3, 2),
(12, 'Dilip Kumar', 'dilip', 'dilip', 4, 6),
(13, 'Ratnaw', 'ratnaw', 'ratnaw', 1, 2),
(14, 'Rajesh', 'rajesh', 'rajesh', 2, 4),
(15, 'Sunil Seth', 'sunil', 'sunil', 3, 6),
(16, 'Kapil', 'kapil', 'kapil', 4, 8),
(17, 'Bhawna', 'bhawna', 'bhawna', 1, 4),
(18, 'Rani Kumari', 'rani', 'rani', 2, 4),
(19, 'Lata devi', 'lata', 'lata', 3, 6),
(20, 'Salman', 'salman', 'salman', 4, 2),
(21, 'Rajvir', 'rajvir', 'rajvir', 1, 4),
(22, 'Sunit', 'sunit', 'sunit', 2, 4),
(23, 'Kajal', 'kajal', 'kajal', 3, 4),
(24, 'Srita', 'srita', 'srita', 4, 8),
(25, 'Test', 'test', 'test', 3, 2),
(26, 'Jitendra kumar', 'jit', 'ji', 4, 4),
(27, 'Mukund singh', 'singh', 'singh', 1, 4),
(55, 'Mr. Ram Shankar', 'ram1', 'ram1', 1, 2),
(56, 'Mr. Ajit Singh', 'ajit1', 'ajit1', 2, 4),
(57, 'Mr. Suresh Kumar', 'suresh1', 'suresh1', 3, 6),
(58, 'Mr. Sachin Tiwari', 'sachin1', 'sachin1', 4, 8),
(59, 'Mr. Rahul Yadav', 'rahul1', 'rahul1', 1, 6),
(60, 'Mr. Piyush', 'piyush1', 'piyush1', 2, 2),
(61, 'Mr. Abhi Agrwal', 'abhi1', 'abhi1', 3, 6),
(62, 'Mr. Anup Rwat', 'anup1', 'anup1', 4, 8),
(63, 'Mr. Sandeep Kumar', 'sandeep1', 'sandeep1', 1, 4),
(64, 'Mr. Kareena Kapoor', 'kareena1', 'kareena1', 2, 4),
(65, 'Mr. Akshay Kumar', 'akshay1', 'akshay1', 3, 2),
(66, 'Mr. Dilip Kumar', 'dilip1', 'dilip1', 4, 6),
(67, 'Mr. Ratnaw', 'ratnaw1', 'ratnaw1', 1, 2),
(68, 'Mr. Rajesh', 'rajesh1', 'rajesh1', 2, 4),
(69, 'Mr. Sunil Seth', 'sunil1', 'sunil1', 3, 6),
(70, 'Mr. Kapil', 'kapil1', 'kapil1', 4, 8),
(71, 'Mr. Bhawna', 'bhawna1', 'bhawna1', 1, 4),
(72, 'Mr. Rani Kumari', 'rani1', 'rani1', 2, 4),
(73, 'Mr. Lata devi', 'lata1', 'lata1', 3, 6),
(74, 'Mr. Salman', 'salman1', 'salman1', 4, 2),
(75, 'Mr. Rajvir', 'rajvir1', 'rajvir1', 1, 2),
(76, 'Mr. Sunit', 'sunit1', 'sunit1', 2, 4),
(77, 'Mr. Kajal', 'kajal1', 'kajal1', 3, 4),
(78, 'Mr. Srita', 'srita1', 'srita1', 4, 8),
(79, 'Mr. Test', 'test1', 'test1', 3, 2),
(80, 'Mr. Jitendra kumar', 'jit1', 'ji1', 4, 4),
(81, 'Mr. Mukund singh', 'singh1', 'singh1', 1, 6),
(82, 'Ram Shankar ji', 'ram2', 'ram2', 1, 2),
(83, 'Ajit Singh ji', 'ajit2', 'ajit2', 2, 4),
(84, 'Suresh Kumar ji', 'suresh2', 'suresh2', 3, 6),
(85, 'Sachin Tiwari ji', 'sachin2', 'sachin2', 4, 8),
(86, 'Rahul Yadav ji', 'rahul2', 'rahul2', 1, 6),
(87, 'Piyush ji', 'piyush2', 'piyush2', 2, 2),
(88, 'Abhi Agrwal ji', 'abhi2', 'abhi2', 3, 6),
(89, 'Anup Rwat ji', 'anup2', 'anup2', 4, 8),
(90, 'Sandeep Kumar ji', 'sandeep2', 'sandeep2', 1, 8),
(91, 'Kareena Kapoor ji', 'kareena2', 'kareena2', 2, 4),
(92, 'Akshay Kumar ji', 'akshay2', 'akshay2', 3, 2),
(93, 'Dilip Kumar ji', 'dilip2', 'dilip2', 4, 6),
(94, 'Ratnaw ji', 'ratnaw2', 'ratnaw2', 1, 2),
(95, 'Rajesh ji', 'rajesh2', 'rajesh2', 2, 4),
(96, 'Sunil Seth ji', 'sunil2', 'sunil2', 3, 6),
(97, 'Kapil ji', 'kapil2', 'kapil2', 4, 8),
(98, 'Bhawna ji', 'bhawna2', 'bhawna2', 1, 8),
(99, 'Rani Kumari ji', 'rani2', 'rani2', 2, 4),
(100, 'Lata devi ji', 'lata2', 'lata2', 3, 6),
(101, 'Salman ji', 'salman2', 'salman2', 4, 2),
(102, 'Rajvir ji', 'rajvir2', 'rajvir2', 1, 2),
(103, 'Sunit ji', 'sunit2', 'sunit2', 2, 4),
(104, 'Kajal ji', 'kajal2', 'kajal2', 3, 4),
(105, 'Srita ji', 'srita2', 'srita2', 4, 8),
(106, 'Test ji', 'test2', 'test2', 3, 2),
(107, 'Jitendra kumar ji', 'jit2', 'ji2', 4, 4),
(108, 'Mukund singh ji', 'singh2', 'singh2', 1, 6),
(109, 'Mr. Ram Shankar ji', 'ram12', 'ram12', 1, 2),
(110, 'Mr. Ajit Singh ji', 'ajit12', 'ajit12', 2, 4),
(111, 'Mr. Suresh Kumar ji', 'suresh12', 'suresh12', 3, 6),
(112, 'Mr. Sachin Tiwari ji', 'sachin12', 'sachin12', 4, 8),
(113, 'Mr. Rahul Yadav ji', 'rahul12', 'rahul12', 1, 6),
(114, 'Mr. Piyush ji', 'piyush12', 'piyush12', 2, 2),
(115, 'Mr. Abhi Agrwal ji', 'abhi12', 'abhi12', 3, 6),
(116, 'Mr. Anup Rwat ji', 'anup12', 'anup12', 4, 8),
(117, 'Mr. Sandeep Kumar ji', 'sandeep12', 'sandeep12', 1, 8),
(118, 'Mr. Kareena Kapoor ji', 'kareena12', 'kareena12', 2, 4),
(119, 'Mr. Akshay Kumar ji', 'akshay12', 'akshay12', 3, 2),
(120, 'Mr. Dilip Kumar ji', 'dilip12', 'dilip12', 4, 6),
(121, 'Mr. Ratnaw ji', 'ratnaw12', 'ratnaw12', 1, 2),
(122, 'Mr. Rajesh ji', 'rajesh12', 'rajesh12', 2, 4),
(123, 'Mr. Sunil Seth ji', 'sunil12', 'sunil12', 3, 6),
(124, 'Mr. Kapil ji', 'kapil12', 'kapil12', 4, 8),
(125, 'Mr. Bhawna ji', 'bhawna12', 'bhawna12', 1, 8),
(126, 'Mr. Rani Kumari ji', 'rani12', 'rani12', 2, 4),
(127, 'Mr. Lata devi ji', 'lata12', 'lata12', 3, 6),
(128, 'Mr. Salman ji', 'salman12', 'salman12', 4, 2),
(129, 'Mr. Rajvir ji', 'rajvir12', 'rajvir12', 1, 2),
(130, 'Mr. Sunit ji', 'sunit12', 'sunit12', 2, 4),
(131, 'Mr. Kajal ji', 'kajal12', 'kajal12', 3, 4),
(132, 'Mr. Srita ji', 'srita12', 'srita12', 4, 8),
(133, 'Mr. Test ji', 'test12', 'test12', 3, 2),
(134, 'Mr. Jitendra kumar ji', 'jit12', 'ji12', 4, 4),
(135, 'Mr. Mukund singh ji', 'singh12', 'singh12', 1, 6),
(136, 'Ram Shankar kumar', 'ram3', 'ram3', 1, 2),
(137, 'Ajit Singh kumar', 'ajit3', 'ajit3', 2, 4),
(138, 'Suresh Kumar kumar', 'suresh3', 'suresh3', 3, 6),
(139, 'Sachin Tiwari kumar', 'sachin3', 'sachin3', 4, 8),
(140, 'Rahul Yadav kumar', 'rahul3', 'rahul3', 1, 6),
(141, 'Piyush kumar', 'piyush3', 'piyush3', 2, 2),
(142, 'Abhi Agrwal kumar', 'abhi3', 'abhi3', 3, 6),
(143, 'Anup Rwat kumar', 'anup3', 'anup3', 4, 8),
(144, 'Sandeep Kumar kumar', 'sandeep3', 'sandeep3', 1, 8),
(145, 'Kareena Kapoor kumar', 'kareena3', 'kareena3', 2, 4),
(146, 'Akshay Kumar kumar', 'akshay3', 'akshay3', 3, 2),
(147, 'Dilip Kumar kumar', 'dilip3', 'dilip3', 4, 6),
(148, 'Ratnaw kumar', 'ratnaw3', 'ratnaw3', 1, 2),
(149, 'Rajesh kumar', 'rajesh3', 'rajesh3', 2, 4),
(150, 'Sunil Seth kumar', 'sunil3', 'sunil3', 3, 6),
(151, 'Kapil kumar', 'kapil3', 'kapil3', 4, 8),
(152, 'Bhawna kumar', 'bhawna3', 'bhawna3', 1, 8),
(153, 'Rani Kumari kumar', 'rani3', 'rani3', 2, 4),
(154, 'Lata devi kumar', 'lata3', 'lata3', 3, 6),
(155, 'Salman kumar', 'salman3', 'salman3', 4, 2),
(156, 'Rajvir kumar', 'rajvir3', 'rajvir3', 1, 2),
(157, 'Sunit kumar', 'sunit3', 'sunit3', 2, 4),
(158, 'Kajal kumar', 'kajal3', 'kajal3', 3, 4),
(159, 'Srita kumar', 'srita3', 'srita3', 4, 8),
(160, 'Test kumar', 'test3', 'test3', 3, 2),
(161, 'Jitendra kumar kumar', 'jit3', 'ji3', 4, 4),
(162, 'Mukund singh kumar', 'singh3', 'singh3', 1, 6),
(163, 'Mr. Ram Shankar kumar', 'ram13', 'ram13', 1, 2),
(164, 'Mr. Ajit Singh kumar', 'ajit13', 'ajit13', 2, 4),
(165, 'Mr. Suresh Kumar kumar', 'suresh13', 'suresh13', 3, 6),
(166, 'Mr. Sachin Tiwari kumar', 'sachin13', 'sachin13', 4, 8),
(167, 'Mr. Rahul Yadav kumar', 'rahul13', 'rahul13', 1, 6),
(168, 'Mr. Piyush kumar', 'piyush13', 'piyush13', 2, 2),
(169, 'Mr. Abhi Agrwal kumar', 'abhi13', 'abhi13', 3, 6),
(170, 'Mr. Anup Rwat kumar', 'anup13', 'anup13', 4, 8),
(171, 'Mr. Sandeep Kumar kumar', 'sandeep13', 'sandeep13', 1, 8),
(172, 'Mr. Kareena Kapoor kumar', 'kareena13', 'kareena13', 2, 4),
(173, 'Mr. Akshay Kumar kumar', 'akshay13', 'akshay13', 3, 2),
(174, 'Mr. Dilip Kumar kumar', 'dilip13', 'dilip13', 4, 6),
(175, 'Mr. Ratnaw kumar', 'ratnaw13', 'ratnaw13', 1, 2),
(176, 'Mr. Rajesh kumar', 'rajesh13', 'rajesh13', 2, 4),
(177, 'Mr. Sunil Seth kumar', 'sunil13', 'sunil13', 3, 6),
(178, 'Mr. Kapil kumar', 'kapil13', 'kapil13', 4, 8),
(179, 'Mr. Bhawna kumar', 'bhawna13', 'bhawna13', 1, 8),
(180, 'Mr. Rani Kumari kumar', 'rani13', 'rani13', 2, 4),
(181, 'Mr. Lata devi kumar', 'lata13', 'lata13', 3, 6),
(182, 'Mr. Salman kumar', 'salman13', 'salman13', 4, 2),
(183, 'Mr. Rajvir kumar', 'rajvir13', 'rajvir13', 1, 2),
(184, 'Mr. Sunit kumar', 'sunit13', 'sunit13', 2, 4),
(185, 'Mr. Kajal kumar', 'kajal13', 'kajal13', 3, 4),
(186, 'Mr. Srita kumar', 'srita13', 'srita13', 4, 8),
(187, 'Mr. Test kumar', 'test13', 'test13', 3, 2),
(188, 'Mr. Jitendra kumar kumar', 'jit13', 'ji13', 4, 4),
(189, 'Mr. Mukund singh kumar', 'singh13', 'singh13', 1, 6),
(190, 'Ram Shankar ji kumar', 'ram23', 'ram23', 1, 2),
(191, 'Ajit Singh ji kumar', 'ajit23', 'ajit23', 2, 4),
(192, 'Suresh Kumar ji kumar', 'suresh23', 'suresh23', 3, 6),
(193, 'Sachin Tiwari ji kumar', 'sachin23', 'sachin23', 4, 8),
(194, 'Rahul Yadav ji kumar', 'rahul23', 'rahul23', 1, 6),
(195, 'Piyush ji kumar', 'piyush23', 'piyush23', 2, 2),
(196, 'Abhi Agrwal ji kumar', 'abhi23', 'abhi23', 3, 6),
(197, 'Anup Rwat ji kumar', 'anup23', 'anup23', 4, 8),
(198, 'Sandeep Kumar ji kumar', 'sandeep23', 'sandeep23', 1, 8),
(199, 'Kareena Kapoor ji kumar', 'kareena23', 'kareena23', 2, 4),
(200, 'Akshay Kumar ji kumar', 'akshay23', 'akshay23', 3, 2),
(201, 'Dilip Kumar ji kumar', 'dilip23', 'dilip23', 4, 6),
(202, 'Ratnaw ji kumar', 'ratnaw23', 'ratnaw23', 1, 2),
(203, 'Rajesh ji kumar', 'rajesh23', 'rajesh23', 2, 4),
(204, 'Sunil Seth ji kumar', 'sunil23', 'sunil23', 3, 6),
(205, 'Kapil ji kumar', 'kapil23', 'kapil23', 4, 8),
(206, 'Bhawna ji kumar', 'bhawna23', 'bhawna23', 1, 8),
(207, 'Rani Kumari ji kumar', 'rani23', 'rani23', 2, 4),
(208, 'Lata devi ji kumar', 'lata23', 'lata23', 3, 6),
(209, 'Salman ji kumar', 'salman23', 'salman23', 4, 2),
(210, 'Rajvir ji kumar', 'rajvir23', 'rajvir23', 1, 2),
(211, 'Sunit ji kumar', 'sunit23', 'sunit23', 2, 4),
(212, 'Kajal ji kumar', 'kajal23', 'kajal23', 3, 4),
(213, 'Srita ji kumar', 'srita23', 'srita23', 4, 8),
(214, 'Test ji kumar', 'test23', 'test23', 3, 2),
(215, 'Jitendra kumar ji kumar', 'jit23', 'ji23', 4, 4),
(216, 'Mukund singh ji kumar', 'singh23', 'singh23', 1, 6),
(217, 'Mr. Ram Shankar ji kumar', 'ram123', 'ram123', 1, 2),
(218, 'Mr. Ajit Singh ji kumar', 'ajit123', 'ajit123', 2, 4),
(219, 'Mr. Suresh Kumar ji kumar', 'suresh123', 'suresh123', 3, 6),
(220, 'Mr. Sachin Tiwari ji kumar', 'sachin123', 'sachin123', 4, 8),
(221, 'Mr. Rahul Yadav ji kumar', 'rahul123', 'rahul123', 1, 6),
(222, 'Mr. Piyush ji kumar', 'piyush123', 'piyush123', 2, 2),
(223, 'Mr. Abhi Agrwal ji kumar', 'abhi123', 'abhi123', 3, 6),
(224, 'Mr. Anup Rwat ji kumar', 'anup123', 'anup123', 4, 8),
(225, 'Mr. Sandeep Kumar ji kumar', 'sandeep123', 'sandeep123', 1, 8),
(226, 'Mr. Kareena Kapoor ji kumar', 'kareena123', 'kareena123', 2, 4),
(227, 'Mr. Akshay Kumar ji kumar', 'akshay123', 'akshay123', 3, 2),
(228, 'Mr. Dilip Kumar ji kumar', 'dilip123', 'dilip123', 4, 6),
(229, 'Mr. Ratnaw ji kumar', 'ratnaw123', 'ratnaw123', 1, 2),
(230, 'Mr. Rajesh ji kumar', 'rajesh123', 'rajesh123', 2, 4),
(231, 'Mr. Sunil Seth ji kumar', 'sunil123', 'sunil123', 3, 6),
(232, 'Mr. Kapil ji kumar', 'kapil123', 'kapil123', 4, 8),
(233, 'Mr. Bhawna ji kumar', 'bhawna123', 'bhawna123', 1, 8),
(234, 'Mr. Rani Kumari ji kumar', 'rani123', 'rani123', 2, 4),
(235, 'Mr. Lata devi ji kumar', 'lata123', 'lata123', 3, 6),
(236, 'Mr. Salman ji kumar', 'salman123', 'salman123', 4, 2),
(237, 'Mr. Rajvir ji kumar', 'rajvir123', 'rajvir123', 1, 2),
(238, 'Mr. Sunit ji kumar', 'sunit123', 'sunit123', 2, 4),
(239, 'Mr. Kajal ji kumar', 'kajal123', 'kajal123', 3, 4),
(240, 'Mr. Srita ji kumar', 'srita123', 'srita123', 4, 8),
(241, 'Mr. Test ji kumar', 'test123', 'test123', 3, 2),
(242, 'Mr. Jitendra kumar ji kumar', 'jit123', 'ji123', 4, 4),
(243, 'Mr. Mukund singh ji kumar', 'singh123', 'singh123', 1, 6);

-- --------------------------------------------------------

--
-- Table structure for table `student_marks`
--

CREATE TABLE `student_marks` (
  `student_id` int(11) NOT NULL,
  `subject1` float NOT NULL DEFAULT '0',
  `subject2` float NOT NULL DEFAULT '0',
  `subject3` float NOT NULL DEFAULT '0',
  `subject4` float NOT NULL DEFAULT '0'
) ENGINE=InnoDB DEFAULT CHARSET=latin1;

--
-- Dumping data for table `student_marks`
--

INSERT INTO `student_marks` (`student_id`, `subject1`, `subject2`, `subject3`, `subject4`) VALUES
(1, 0, 0, 0, 0),
(2, 0, 0, 0, 0),
(3, 0, 0, 0, 0),
(4, 0, 0, 0, 0),
(5, 0, 0, 0, 0),
(6, 0, 50, 0, 0),
(7, 90, 0, 0, 90),
(8, 0, 0, 0, 0),
(9, 0, 0, 0, 0),
(10, 0, 0, 0, 0),
(11, 0, 0, 0, 0),
(12, 0, 0, 0, 0),
(13, 0, 0, 0, 0),
(14, 0, 0, 0, 0),
(15, 0, 0, 0, 0),
(16, 0, 0, 0, 0),
(17, 0, 0, 0, 0),
(18, 0, 0, 0, 0),
(19, 0, 0, 0, 0),
(20, 0, 0, 0, 0),
(21, 0, 0, 0, 0),
(22, 0, 0, 0, 0),
(23, 0, 0, 0, 0),
(24, 0, 0, 0, 0),
(25, 0, 0, 0, 0),
(26, 0, 0, 0, 0),
(27, 0, 0, 0, 0),
(55, 0, 0, 0, 0),
(56, 0, 0, 0, 0),
(57, 0, 0, 0, 0),
(58, 0, 0, 0, 0),
(59, 0, 0, 0, 0),
(60, 0, 60, 0, 0),
(61, 0, 0, 0, 0),
(62, 0, 0, 0, 0),
(63, 0, 0, 0, 0),
(64, 0, 0, 0, 0),
(65, 0, 0, 0, 0),
(66, 0, 0, 0, 0),
(67, 0, 0, 0, 0),
(68, 0, 0, 0, 0),
(69, 0, 0, 0, 0),
(70, 0, 0, 0, 0),
(71, 0, 0, 0, 0),
(72, 0, 0, 0, 0),
(73, 0, 0, 0, 0),
(74, 0, 0, 0, 0),
(75, 0, 0, 0, 0),
(76, 0, 0, 0, 0),
(77, 0, 0, 0, 0),
(78, 0, 0, 0, 0),
(79, 0, 0, 0, 0),
(80, 0, 0, 0, 0),
(81, 0, 0, 0, 0),
(82, 0, 0, 0, 0),
(83, 0, 0, 0, 0),
(84, 0, 0, 0, 0),
(85, 0, 0, 0, 0),
(86, 0, 0, 0, 0),
(87, 0, 55, 0, 0),
(88, 0, 0, 0, 0),
(89, 0, 0, 0, 0),
(90, 0, 0, 0, 0),
(91, 0, 0, 0, 0),
(92, 0, 0, 0, 0),
(93, 0, 0, 0, 0),
(94, 0, 0, 0, 0),
(95, 0, 0, 0, 0),
(96, 0, 0, 0, 0),
(97, 0, 0, 0, 0),
(98, 0, 0, 0, 0),
(99, 0, 0, 0, 0),
(100, 0, 0, 0, 0),
(101, 0, 0, 0, 0),
(102, 0, 0, 0, 0),
(103, 0, 0, 0, 0),
(104, 0, 0, 0, 0),
(105, 0, 0, 0, 0),
(106, 0, 0, 0, 0),
(107, 0, 0, 0, 0),
(108, 0, 0, 0, 0),
(109, 0, 0, 0, 0),
(110, 0, 0, 0, 0),
(111, 0, 0, 0, 0),
(112, 0, 0, 0, 0),
(113, 0, 0, 0, 0),
(114, 0, 68, 0, 0),
(115, 0, 0, 0, 0),
(116, 0, 0, 0, 0),
(117, 0, 0, 0, 0),
(118, 0, 0, 0, 0),
(119, 0, 0, 0, 0),
(120, 0, 0, 0, 0),
(121, 0, 0, 0, 0),
(122, 0, 0, 0, 0),
(123, 0, 0, 0, 0),
(124, 0, 0, 0, 0),
(125, 0, 0, 0, 0),
(126, 0, 0, 0, 0),
(127, 0, 0, 0, 0),
(128, 0, 0, 0, 0),
(129, 0, 0, 0, 0),
(130, 0, 0, 0, 0),
(131, 0, 0, 0, 0),
(132, 0, 0, 0, 0),
(133, 0, 0, 0, 0),
(134, 0, 0, 0, 0),
(135, 0, 0, 0, 0),
(136, 0, 0, 0, 0),
(137, 0, 0, 0, 0),
(138, 0, 0, 0, 0),
(139, 0, 0, 0, 0),
(140, 0, 0, 0, 0),
(141, 0, 45, 0, 0),
(142, 0, 0, 0, 0),
(143, 0, 0, 0, 0),
(144, 0, 0, 0, 0),
(145, 0, 0, 0, 0),
(146, 0, 0, 0, 0),
(147, 0, 0, 0, 0),
(148, 0, 0, 0, 0),
(149, 0, 0, 0, 0),
(150, 0, 0, 0, 0),
(151, 0, 0, 0, 0),
(152, 0, 0, 0, 0),
(153, 0, 0, 0, 0),
(154, 0, 0, 0, 0),
(155, 0, 0, 0, 0),
(156, 0, 0, 0, 0),
(157, 0, 0, 0, 0),
(158, 0, 0, 0, 0),
(159, 0, 0, 0, 0),
(160, 0, 0, 0, 0),
(161, 0, 0, 0, 0),
(162, 0, 0, 0, 0),
(163, 0, 0, 0, 0),
(164, 0, 0, 0, 0),
(165, 0, 0, 0, 0),
(166, 0, 0, 0, 0),
(167, 0, 0, 0, 0),
(168, 0, 95, 0, 0),
(169, 0, 0, 0, 0),
(170, 0, 0, 0, 0),
(171, 0, 0, 0, 0),
(172, 0, 0, 0, 0),
(173, 0, 0, 0, 0),
(174, 0, 0, 0, 0),
(175, 0, 0, 0, 0),
(176, 0, 0, 0, 0),
(177, 0, 0, 0, 0),
(178, 0, 0, 0, 0),
(179, 0, 0, 0, 0),
(180, 0, 0, 0, 0),
(181, 0, 0, 0, 0),
(182, 0, 0, 0, 0),
(183, 0, 0, 0, 0),
(184, 0, 0, 0, 0),
(185, 0, 0, 0, 0),
(186, 0, 0, 0, 0),
(187, 0, 0, 0, 0),
(188, 0, 0, 0, 0),
(189, 0, 0, 0, 0),
(190, 0, 0, 0, 0),
(191, 0, 0, 0, 0),
(192, 0, 0, 0, 0),
(193, 0, 0, 0, 0),
(194, 0, 0, 0, 0),
(195, 0, 65, 0, 0),
(196, 0, 0, 0, 0),
(197, 0, 0, 0, 0),
(198, 0, 0, 0, 0),
(199, 0, 0, 0, 0),
(200, 0, 0, 0, 0),
(201, 0, 0, 0, 0),
(202, 0, 0, 0, 0),
(203, 0, 0, 0, 0),
(204, 0, 0, 0, 0),
(205, 0, 0, 0, 0),
(206, 0, 0, 0, 0),
(207, 0, 0, 0, 0),
(208, 0, 0, 0, 0),
(209, 0, 0, 0, 0),
(210, 0, 0, 0, 0),
(211, 0, 0, 0, 0),
(212, 0, 0, 0, 0),
(213, 0, 0, 0, 0),
(214, 0, 0, 0, 0),
(215, 0, 0, 0, 0),
(216, 0, 0, 0, 0),
(217, 0, 0, 0, 0),
(218, 0, 0, 0, 0),
(219, 0, 0, 0, 0),
(220, 0, 0, 0, 0),
(221, 0, 0, 0, 0),
(222, 0, 35, 0, 0),
(223, 0, 0, 0, 0),
(224, 0, 0, 0, 0),
(225, 0, 0, 0, 0),
(226, 0, 0, 0, 0),
(227, 0, 0, 0, 0),
(228, 0, 0, 0, 0),
(229, 0, 0, 0, 0),
(230, 0, 0, 0, 0),
(231, 0, 0, 0, 0),
(232, 0, 0, 0, 0),
(233, 0, 0, 0, 0),
(234, 0, 0, 0, 0),
(235, 0, 0, 0, 0),
(236, 0, 0, 0, 0),
(237, 0, 0, 0, 0),
(238, 0, 0, 0, 0),
(239, 0, 0, 0, 0),
(240, 0, 0, 0, 0),
(241, 0, 0, 0, 0),
(242, 0, 0, 0, 0),
(243, 0, 0, 0, 0);

-- --------------------------------------------------------

--
-- Table structure for table `subject`
--

CREATE TABLE `subject` (
  `subject_id` int(11) NOT NULL,
  `subject_code` varchar(10) NOT NULL,
  `name` varchar(200) NOT NULL,
  `semester` tinyint(1) NOT NULL,
  `department_id` int(11) NOT NULL
) ENGINE=InnoDB DEFAULT CHARSET=latin1;

--
-- Dumping data for table `subject`
--

INSERT INTO `subject` (`subject_id`, `subject_code`, `name`, `semester`, `department_id`) VALUES
(1, 'PE-201', '', 2, 1),
(2, 'PE-202', '', 2, 1),
(3, 'PE-203', '', 2, 1),
(4, 'PE-204', '', 2, 1),
(5, 'PE-401', 'rdfs', 4, 1),
(6, 'PE-402', '', 4, 1),
(7, 'PE-403', '', 4, 1),
(8, 'PE-404', '', 4, 1),
(9, 'PE-601', '', 6, 1),
(10, 'PE-602', '121', 6, 1),
(11, 'PE-603', '', 6, 1),
(12, 'PE-604', 'TEST', 6, 1),
(13, 'PE-801', 'sanjeev', 8, 1),
(14, 'PE-802', '', 8, 1),
(15, 'PE-803', '', 8, 1),
(16, 'PE-804', '', 8, 1),
(17, 'ME-201', '', 2, 2),
(18, 'ME-202', '', 2, 2),
(19, 'ME-203', '', 2, 2),
(20, 'ME-204', '', 2, 2),
(21, 'ME-401', '', 4, 2),
(22, 'ME-402', '', 4, 2),
(23, 'ME-403', '', 4, 2),
(24, 'ME-404', '', 4, 2),
(25, 'ME-601', '', 6, 2),
(26, 'ME-602', '', 6, 2),
(27, 'ME-603', '', 6, 2),
(28, 'ME-604', '', 6, 2),
(29, 'ME-801', '', 8, 2),
(30, 'ME-802', '', 8, 2),
(31, 'ME-803', '', 8, 2),
(32, 'ME-804', '', 8, 2),
(33, 'CS-201', '', 2, 3),
(34, 'CS-202', '', 2, 3),
(35, 'CS-203', '', 2, 3),
(36, 'CS-204', '', 2, 3),
(37, 'CS-401', '', 4, 3),
(38, 'CS-402', '', 4, 3),
(39, 'CS-403', '', 4, 3),
(40, 'CS-404', '', 4, 3),
(41, 'CS-601', '', 6, 3),
(42, 'CS-602', '', 6, 3),
(43, 'CS-603', '', 6, 3),
(44, 'CS-604', '', 6, 3),
(45, 'CS-801', 'sanjeev', 8, 3),
(46, 'CS-802', '', 8, 3),
(47, 'CS-803', '', 8, 3),
(48, 'CS-804', '', 8, 3),
(49, 'EC-201', '', 2, 4),
(50, 'EC-202', '', 2, 4),
(51, 'EC-203', '', 2, 4),
(52, 'EC-204', '', 2, 4),
(53, 'EC-401', '', 4, 4),
(54, 'EC-402', '', 4, 4),
(55, 'EC-403', '', 4, 4),
(56, 'EC-404', '', 4, 4),
(57, 'EC-601', '', 6, 4),
(58, 'EC-602', '', 6, 4),
(59, 'EC-603', '', 6, 4),
(60, 'EC-604', '', 6, 4),
(61, 'EC-801', '', 8, 4),
(62, 'EC-802', '', 8, 4),
(63, 'EC-803', '', 8, 4),
(64, 'EC-804', '', 8, 4);

--
-- Indexes for dumped tables
--

--
-- Indexes for table `admin`
--
ALTER TABLE `admin`
  ADD PRIMARY KEY (`admin_id`);

--
-- Indexes for table `department`
--
ALTER TABLE `department`
  ADD PRIMARY KEY (`department_id`);

--
-- Indexes for table `exam`
--
ALTER TABLE `exam`
  ADD PRIMARY KEY (`exam_id`);

--
-- Indexes for table `faculty`
--
ALTER TABLE `faculty`
  ADD PRIMARY KEY (`faculty_id`);

--
-- Indexes for table `faculty_subject`
--
ALTER TABLE `faculty_subject`
  ADD PRIMARY KEY (`subject_id`);

--
-- Indexes for table `room`
--
ALTER TABLE `room`
  ADD PRIMARY KEY (`room_id`);

--
-- Indexes for table `student`
--
ALTER TABLE `student`
  ADD PRIMARY KEY (`student_id`);

--
-- Indexes for table `student_marks`
--
ALTER TABLE `student_marks`
  ADD PRIMARY KEY (`student_id`);

--
-- Indexes for table `subject`
--
ALTER TABLE `subject`
  ADD PRIMARY KEY (`subject_id`);

--
-- AUTO_INCREMENT for dumped tables
--

--
-- AUTO_INCREMENT for table `admin`
--
ALTER TABLE `admin`
  MODIFY `admin_id` int(11) NOT NULL AUTO_INCREMENT, AUTO_INCREMENT=2;
--
-- AUTO_INCREMENT for table `department`
--
ALTER TABLE `department`
  MODIFY `department_id` int(11) NOT NULL AUTO_INCREMENT, AUTO_INCREMENT=5;
--
-- AUTO_INCREMENT for table `exam`
--
ALTER TABLE `exam`
  MODIFY `exam_id` int(11) NOT NULL AUTO_INCREMENT, AUTO_INCREMENT=7;
--
-- AUTO_INCREMENT for table `faculty`
--
ALTER TABLE `faculty`
  MODIFY `faculty_id` int(11) NOT NULL AUTO_INCREMENT, AUTO_INCREMENT=10;
--
-- AUTO_INCREMENT for table `room`
--
ALTER TABLE `room`
  MODIFY `room_id` int(11) NOT NULL AUTO_INCREMENT, AUTO_INCREMENT=13;
--
-- AUTO_INCREMENT for table `student`
--
ALTER TABLE `student`
  MODIFY `student_id` int(11) NOT NULL AUTO_INCREMENT, AUTO_INCREMENT=244;
--
-- AUTO_INCREMENT for table `subject`
--
ALTER TABLE `subject`
  MODIFY `subject_id` int(11) NOT NULL AUTO_INCREMENT, AUTO_INCREMENT=65;
/*!40101 SET CHARACTER_SET_CLIENT=@OLD_CHARACTER_SET_CLIENT */;
/*!40101 SET CHARACTER_SET_RESULTS=@OLD_CHARACTER_SET_RESULTS */;
/*!40101 SET COLLATION_CONNECTION=@OLD_COLLATION_CONNECTION */;
